{
	"class_name" : "PinholeCameraParameters",
	"extrinsic" : 
	[
		-0.7531182186423101,
		0.63870762369700951,
		-0.15768804704337294,
		0.0,
		-0.5986425462840842,
		-0.76472661942090636,
		-0.23837008899520187,
		0.0,
		-0.27283704024113348,
		-0.085122082801066173,
		0.95828710754766333,
		0.0,
		0.0070223211652963996,
		-0.0039859339615291745,
		0.1443628770079563,
		1.0
	],
	"intrinsic" : 
	{
		"height" : 720,
		"intrinsic_matrix" : 
		[
			623.53829072479584,
			0.0,
			0.0,
			0.0,
			623.53829072479584,
			0.0,
			539.5,
			359.5,
			1.0
		],
		"width" : 1080
	},
	"version_major" : 1,
	"version_minor" : 0
}