{
	"class_name" : "PinholeCameraParameters",
	"extrinsic" : 
	[
		-0.17940712498491188,
		0.16536725515495473,
		-0.96977665182616368,
		0.0,
		-0.181472511323816,
		-0.97441704115817518,
		-0.13258641534627358,
		0.0,
		-0.96689234723338036,
		0.15220085684076554,
		0.20482697097418864,
		0.0,
		0.00089489235384306032,
		0.00051491841132610735,
		0.15016516592648857,
		1.0
	],
	"intrinsic" : 
	{
		"height" : 1061,
		"intrinsic_matrix" : 
		[
			918.85295341528945,
			0.0,
			0.0,
			0.0,
			918.85295341528945,
			0.0,
			719.5,
			530.0,
			1.0
		],
		"width" : 1440
	},
	"version_major" : 1,
	"version_minor" : 0
}