{
	"class_name" : "PinholeCameraParameters",
	"extrinsic" : 
	[
		0.84647951949455313,
		0.26808148651893599,
		-0.46000515177774687,
		0.0,
		-0.022911908540579201,
		-0.84484533686208529,
		-0.53451978562951041,
		0.0,
		-0.53192806611730736,
		0.46299964726572657,
		-0.70900201629368742,
		0.0,
		0.0063070506752336275,
		-0.0209227360037188,
		0.82215302894417974,
		1.0
	],
	"intrinsic" : 
	{
		"height" : 1020,
		"intrinsic_matrix" : 
		[
			883.34591186012744,
			0.0,
			0.0,
			0.0,
			883.34591186012744,
			0.0,
			719.5,
			509.5,
			1.0
		],
		"width" : 1440
	},
	"version_major" : 1,
	"version_minor" : 0
}