{
	"class_name" : "PinholeCameraParameters",
	"extrinsic" : 
	[
		0.8070118630253883,
		0.31718078523579374,
		-0.49812468560943396,
		0.0,
		-0.0012842826354610704,
		-0.84256926773375684,
		-0.53858646444996472,
		0.0,
		-0.59053382930565834,
		0.43528539896004581,
		-0.67955604470697595,
		0.0,
		-0.007440982834256149,
		-0.00011237159910343353,
		0.40939627135910717,
		1.0
	],
	"intrinsic" : 
	{
		"height" : 1020,
		"intrinsic_matrix" : 
		[
			883.34591186012744,
			0.0,
			0.0,
			0.0,
			883.34591186012744,
			0.0,
			719.5,
			509.5,
			1.0
		],
		"width" : 1440
	},
	"version_major" : 1,
	"version_minor" : 0
}